id,username,password_hash,role
1,user1,hash_43276,user
2,user2,hash_18424,analyst
3,user3,hash_88787,user
4,user4,hash_51978,analyst
5,user5,hash_99465,admin
6,user6,hash_69200,analyst
7,user7,hash_80281,admin
8,user8,hash_61052,admin
9,user9,hash_25439,user
10,user10,hash_52350,admin
11,user11,hash_15812,analyst
12,user12,hash_65950,user
13,user13,hash_50632,admin
14,user14,hash_34763,admin
15,user15,hash_98738,admin
16,user16,hash_45295,analyst
17,user17,hash_17182,analyst
18,user18,hash_70953,admin
19,user19,hash_61851,user
20,user20,hash_60239,analyst
21,user21,hash_83151,analyst
22,user22,hash_10990,manager
23,user23,hash_24222,admin
24,user24,hash_30389,admin
25,user25,hash_48832,user
26,user26,hash_15609,analyst
27,user27,hash_40122,admin
28,user28,hash_42066,user
29,user29,hash_44702,manager
30,user30,hash_21657,analyst
31,user31,hash_83534,manager
32,user32,hash_98160,user
33,user33,hash_69993,analyst
34,user34,hash_95741,user
35,user35,hash_55664,user
36,user36,hash_81892,manager
37,user37,hash_78306,manager
38,user38,hash_59113,user
39,user39,hash_54220,admin
40,user40,hash_98904,user
41,user41,hash_79197,manager
42,user42,hash_32393,admin
43,user43,hash_58419,user
44,user44,hash_62353,user
45,user45,hash_14516,manager
46,user46,hash_40607,analyst
47,user47,hash_66741,manager
48,user48,hash_11832,analyst
49,user49,hash_94488,manager
50,user50,hash_72533,admin
51,user51,hash_98028,manager
52,user52,hash_15377,admin
53,user53,hash_36094,manager
54,user54,hash_34403,manager
55,user55,hash_60561,manager
56,user56,hash_54201,analyst
57,user57,hash_49791,manager
58,user58,hash_98174,analyst
59,user59,hash_67428,manager
60,user60,hash_10223,user
61,user61,hash_14873,admin
62,user62,hash_60435,analyst
63,user63,hash_18387,admin
64,user64,hash_61492,admin
65,user65,hash_54395,manager
66,user66,hash_39361,manager
67,user67,hash_43108,analyst
68,user68,hash_40794,admin
69,user69,hash_11104,admin
70,user70,hash_52498,user
71,user71,hash_47989,user
72,user72,hash_93213,admin
73,user73,hash_54629,analyst
74,user74,hash_63388,manager
75,user75,hash_64835,analyst
76,user76,hash_63210,user
77,user77,hash_44140,user
78,user78,hash_78949,analyst
79,user79,hash_53655,manager
80,user80,hash_22939,analyst
81,user81,hash_22686,analyst
82,user82,hash_64274,manager
83,user83,hash_70507,analyst
84,user84,hash_41605,manager
85,user85,hash_49525,user
86,user86,hash_41174,admin
87,user87,hash_15199,user
88,user88,hash_82481,manager
89,user89,hash_56024,manager
90,user90,hash_84667,admin
91,user91,hash_77107,analyst
92,user92,hash_56403,analyst
93,user93,hash_88836,analyst
94,user94,hash_40232,analyst
95,user95,hash_47218,user
96,user96,hash_34785,manager
97,user97,hash_82479,user
98,user98,hash_60528,admin
99,user99,hash_30282,admin
100,user100,hash_79840,user
101,user101,hash_73150,analyst
102,user102,hash_12795,analyst
103,user103,hash_49146,admin
104,user104,hash_18489,analyst
105,user105,hash_79794,admin
106,user106,hash_78113,admin
107,user107,hash_25024,manager
108,user108,hash_41190,user
109,user109,hash_17035,manager
110,user110,hash_66917,manager
111,user111,hash_17383,analyst
112,user112,hash_85640,admin
113,user113,hash_89140,analyst
114,user114,hash_96449,analyst
115,user115,hash_95763,analyst
116,user116,hash_67455,user
117,user117,hash_35520,user
118,user118,hash_98096,analyst
119,user119,hash_57663,manager
120,user120,hash_66837,admin
121,user121,hash_87720,user
122,user122,hash_69484,user
123,user123,hash_90766,user
124,user124,hash_95392,user
125,user125,hash_20094,analyst
126,user126,hash_48941,analyst
127,user127,hash_66999,user
128,user128,hash_18844,user
129,user129,hash_83344,analyst
130,user130,hash_87571,manager
131,user131,hash_78240,analyst
132,user132,hash_21161,manager
133,user133,hash_49016,analyst
134,user134,hash_81441,manager
135,user135,hash_34351,user
136,user136,hash_16370,user
137,user137,hash_97667,admin
138,user138,hash_48099,admin
139,user139,hash_12439,user
140,user140,hash_59537,admin
141,user141,hash_57233,analyst
142,user142,hash_37068,analyst
143,user143,hash_71677,admin
144,user144,hash_66890,user
145,user145,hash_41727,admin
146,user146,hash_58954,manager
147,user147,hash_10871,analyst
148,user148,hash_20439,user
149,user149,hash_60364,user
150,user150,hash_20040,user
151,user151,hash_41115,analyst
152,user152,hash_70055,user
153,user153,hash_37612,manager
154,user154,hash_68306,manager
155,user155,hash_76450,analyst
156,user156,hash_10529,manager
157,user157,hash_63241,admin
158,user158,hash_96497,manager
159,user159,hash_71943,user
160,user160,hash_86927,analyst
161,user161,hash_83821,manager
162,user162,hash_45230,user
163,user163,hash_55688,admin
164,user164,hash_43899,admin
165,user165,hash_68789,admin
166,user166,hash_77414,analyst
167,user167,hash_54222,user
168,user168,hash_52106,admin
169,user169,hash_37936,user
170,user170,hash_85660,manager
171,user171,hash_33459,user
172,user172,hash_53881,admin
173,user173,hash_11722,admin
174,user174,hash_51018,user
175,user175,hash_91986,admin
176,user176,hash_81583,user
177,user177,hash_94598,analyst
178,user178,hash_72165,admin
179,user179,hash_56690,manager
180,user180,hash_25655,manager
181,user181,hash_95465,analyst
182,user182,hash_75522,admin
183,user183,hash_73359,user
184,user184,hash_59299,analyst
185,user185,hash_91757,manager
186,user186,hash_24616,manager
187,user187,hash_96814,manager
188,user188,hash_75104,analyst
189,user189,hash_51131,analyst
190,user190,hash_22972,user
191,user191,hash_45075,analyst
192,user192,hash_19654,admin
193,user193,hash_53158,analyst
194,user194,hash_20837,manager
195,user195,hash_72909,admin
196,user196,hash_44223,user
197,user197,hash_87553,admin
198,user198,hash_99125,user
199,user199,hash_21154,manager
200,user200,hash_28628,manager
201,user201,hash_64144,manager
202,user202,hash_91585,user
203,user203,hash_98491,manager
204,user204,hash_71770,manager
205,user205,hash_61591,user
206,user206,hash_28913,manager
207,user207,hash_46735,manager
208,user208,hash_91850,analyst
209,user209,hash_65435,user
210,user210,hash_53308,user
211,user211,hash_30959,admin
212,user212,hash_60414,manager
213,user213,hash_79183,manager
214,user214,hash_68394,admin
215,user215,hash_14734,user
216,user216,hash_32844,manager
217,user217,hash_90974,manager
218,user218,hash_29528,user
219,user219,hash_18600,user
220,user220,hash_96425,analyst
221,user221,hash_92793,analyst
222,user222,hash_97258,analyst
223,user223,hash_43548,admin
224,user224,hash_62676,analyst
225,user225,hash_39087,admin
226,user226,hash_64297,admin
227,user227,hash_34022,user
228,user228,hash_20059,analyst
229,user229,hash_51970,analyst
230,user230,hash_55021,admin
231,user231,hash_20178,user
232,user232,hash_60032,analyst
233,user233,hash_51019,analyst
234,user234,hash_99687,admin
235,user235,hash_42436,admin
236,user236,hash_56728,analyst
237,user237,hash_98553,user
238,user238,hash_67664,analyst
239,user239,hash_42901,analyst
240,user240,hash_56980,analyst
241,user241,hash_69331,user
242,user242,hash_49622,user
243,user243,hash_42390,user
244,user244,hash_81653,admin
245,user245,hash_13394,analyst
246,user246,hash_94434,manager
247,user247,hash_74169,user
248,user248,hash_18551,analyst
249,user249,hash_27522,admin
250,user250,hash_32652,admin
251,user251,hash_94140,admin
252,user252,hash_90091,analyst
253,user253,hash_92006,analyst
254,user254,hash_62743,admin
255,user255,hash_27008,analyst
256,user256,hash_20820,user
257,user257,hash_49656,manager
258,user258,hash_47856,user
259,user259,hash_97315,user
260,user260,hash_24631,analyst
261,user261,hash_97018,user
262,user262,hash_23514,admin
263,user263,hash_91866,analyst
264,user264,hash_58551,user
265,user265,hash_40507,analyst
266,user266,hash_55230,analyst
267,user267,hash_61961,manager
268,user268,hash_42961,user
269,user269,hash_57873,admin
270,user270,hash_66208,user
271,user271,hash_31963,analyst
272,user272,hash_53237,analyst
273,user273,hash_51993,admin
274,user274,hash_84804,admin
275,user275,hash_47874,admin
276,user276,hash_97667,user
277,user277,hash_54307,user
278,user278,hash_81953,user
279,user279,hash_53857,user
280,user280,hash_80441,admin
281,user281,hash_22971,admin
282,user282,hash_68405,user
283,user283,hash_95765,analyst
284,user284,hash_24468,user
285,user285,hash_47646,manager
286,user286,hash_13302,user
287,user287,hash_94459,admin
288,user288,hash_36420,admin
289,user289,hash_83815,manager
290,user290,hash_33012,admin
291,user291,hash_86074,manager
292,user292,hash_82436,admin
293,user293,hash_81967,analyst
294,user294,hash_51746,user
295,user295,hash_64530,analyst
296,user296,hash_24145,manager
297,user297,hash_37642,admin
298,user298,hash_20379,user
299,user299,hash_53543,manager
300,user300,hash_14171,admin
301,user301,hash_94150,manager
302,user302,hash_13304,admin
303,user303,hash_35313,user
304,user304,hash_93451,admin
305,user305,hash_52765,admin
306,user306,hash_76516,admin
307,user307,hash_23312,analyst
308,user308,hash_11343,user
309,user309,hash_17112,user
310,user310,hash_24533,user
311,user311,hash_36097,admin
312,user312,hash_95814,admin
313,user313,hash_53681,analyst
314,user314,hash_32089,admin
315,user315,hash_16451,admin
316,user316,hash_96914,user
317,user317,hash_56114,user
318,user318,hash_44852,user
319,user319,hash_61569,admin
320,user320,hash_53932,manager
321,user321,hash_43529,user
322,user322,hash_93545,manager
323,user323,hash_17140,analyst
324,user324,hash_18872,analyst
325,user325,hash_82286,admin
326,user326,hash_66454,analyst
327,user327,hash_60910,analyst
328,user328,hash_82394,analyst
329,user329,hash_96692,analyst
330,user330,hash_66220,manager
331,user331,hash_51641,manager
332,user332,hash_22271,user
333,user333,hash_65975,analyst
334,user334,hash_63096,manager
335,user335,hash_81984,manager
336,user336,hash_78298,admin
337,user337,hash_72055,user
338,user338,hash_61598,admin
339,user339,hash_54569,user
340,user340,hash_71994,analyst
341,user341,hash_84701,analyst
342,user342,hash_34754,admin
343,user343,hash_11147,admin
344,user344,hash_10853,user
345,user345,hash_32412,admin
346,user346,hash_94012,analyst
347,user347,hash_14678,admin
348,user348,hash_29168,user
349,user349,hash_44882,admin
350,user350,hash_39554,admin
351,user351,hash_73457,user
352,user352,hash_88880,admin
353,user353,hash_26987,analyst
354,user354,hash_72037,manager
355,user355,hash_11314,analyst
356,user356,hash_82890,admin
357,user357,hash_45758,admin
358,user358,hash_30011,analyst
359,user359,hash_63945,manager
360,user360,hash_75523,admin
361,user361,hash_85189,manager
362,user362,hash_19423,analyst
363,user363,hash_29276,analyst
364,user364,hash_20541,admin
365,user365,hash_87583,analyst
366,user366,hash_51366,manager
367,user367,hash_76431,analyst
368,user368,hash_72319,admin
369,user369,hash_44715,user
370,user370,hash_60590,admin
371,user371,hash_37377,user
372,user372,hash_77860,manager
373,user373,hash_68675,manager
374,user374,hash_55107,user
375,user375,hash_77454,user
376,user376,hash_72291,user
377,user377,hash_88282,user
378,user378,hash_42297,analyst
379,user379,hash_25191,manager
380,user380,hash_40256,analyst
381,user381,hash_55576,analyst
382,user382,hash_43137,user
383,user383,hash_21536,manager
384,user384,hash_26447,analyst
385,user385,hash_18586,analyst
386,user386,hash_38207,manager
387,user387,hash_14295,analyst
388,user388,hash_57970,manager
389,user389,hash_92331,user
390,user390,hash_43788,user
391,user391,hash_40279,user
392,user392,hash_18904,analyst
393,user393,hash_20772,admin
394,user394,hash_57098,analyst
395,user395,hash_52968,user
396,user396,hash_97236,admin
397,user397,hash_54781,admin
398,user398,hash_52470,analyst
399,user399,hash_15772,analyst
400,user400,hash_81801,admin
401,user401,hash_47315,user
402,user402,hash_40199,analyst
403,user403,hash_24006,admin
404,user404,hash_93427,manager
405,user405,hash_78055,admin
406,user406,hash_29424,admin
407,user407,hash_98504,manager
408,user408,hash_41373,user
409,user409,hash_66682,admin
410,user410,hash_35775,user
411,user411,hash_91215,analyst
412,user412,hash_10136,admin
413,user413,hash_39297,analyst
414,user414,hash_77057,user
415,user415,hash_42446,manager
416,user416,hash_63999,user
417,user417,hash_80223,analyst
418,user418,hash_13703,analyst
419,user419,hash_60138,admin
420,user420,hash_69608,admin
421,user421,hash_97290,manager
422,user422,hash_58828,manager
423,user423,hash_38335,analyst
424,user424,hash_49585,analyst
425,user425,hash_92877,analyst
426,user426,hash_73304,manager
427,user427,hash_25263,admin
428,user428,hash_52742,admin
429,user429,hash_25138,analyst
430,user430,hash_50358,manager
431,user431,hash_25476,analyst
432,user432,hash_84701,analyst
433,user433,hash_22926,manager
434,user434,hash_27051,analyst
435,user435,hash_75851,manager
436,user436,hash_86149,manager
437,user437,hash_85543,analyst
438,user438,hash_82172,manager
439,user439,hash_99287,admin
440,user440,hash_20836,analyst
441,user441,hash_59009,admin
442,user442,hash_60136,user
443,user443,hash_19139,user
444,user444,hash_24533,analyst
445,user445,hash_60004,analyst
446,user446,hash_35068,manager
447,user447,hash_87529,manager
448,user448,hash_43553,admin
449,user449,hash_98067,analyst
450,user450,hash_16394,admin
451,user451,hash_54276,manager
452,user452,hash_12892,manager
453,user453,hash_88088,admin
454,user454,hash_70295,admin
455,user455,hash_37304,analyst
456,user456,hash_75748,admin
457,user457,hash_97103,analyst
458,user458,hash_57014,manager
459,user459,hash_30915,analyst
460,user460,hash_96598,analyst
461,user461,hash_10022,user
462,user462,hash_50631,user
463,user463,hash_94095,user
464,user464,hash_94997,manager
465,user465,hash_39037,user
466,user466,hash_97161,analyst
467,user467,hash_42706,user
468,user468,hash_90168,admin
469,user469,hash_52716,admin
470,user470,hash_24143,user
471,user471,hash_31140,manager
472,user472,hash_89236,admin
473,user473,hash_47664,manager
474,user474,hash_30466,user
475,user475,hash_67923,manager
476,user476,hash_91605,analyst
477,user477,hash_32375,user
478,user478,hash_65080,admin
479,user479,hash_50402,admin
480,user480,hash_96260,analyst
481,user481,hash_63395,analyst
482,user482,hash_94904,manager
483,user483,hash_12810,analyst
484,user484,hash_33595,admin
485,user485,hash_57582,analyst
486,user486,hash_65247,analyst
487,user487,hash_28824,admin
488,user488,hash_60865,admin
489,user489,hash_76747,admin
490,user490,hash_14951,analyst
491,user491,hash_91378,manager
492,user492,hash_87996,manager
493,user493,hash_65260,analyst
494,user494,hash_41197,user
495,user495,hash_96424,user
496,user496,hash_18425,analyst
497,user497,hash_99269,user
498,user498,hash_21959,manager
499,user499,hash_20550,analyst
500,user500,hash_28202,manager
501,user501,hash_20618,admin
502,user502,hash_52178,user
503,user503,hash_57830,analyst
504,user504,hash_80646,admin
505,user505,hash_12549,manager
506,user506,hash_50708,user
507,user507,hash_88377,manager
508,user508,hash_89199,analyst
509,user509,hash_75627,admin
510,user510,hash_13255,user
511,user511,hash_88281,user
512,user512,hash_68760,admin
513,user513,hash_84574,user
514,user514,hash_27327,manager
515,user515,hash_82438,admin
516,user516,hash_72732,user
517,user517,hash_18812,analyst
518,user518,hash_35220,analyst
519,user519,hash_48707,admin
520,user520,hash_54127,analyst
521,user521,hash_63861,manager
522,user522,hash_20470,manager
523,user523,hash_91505,admin
524,user524,hash_36165,manager
525,user525,hash_86217,admin
526,user526,hash_78978,user
527,user527,hash_17175,admin
528,user528,hash_87609,admin
529,user529,hash_40327,user
530,user530,hash_82294,manager
531,user531,hash_52763,user
532,user532,hash_27974,manager
533,user533,hash_38027,admin
534,user534,hash_42179,admin
535,user535,hash_52789,admin
536,user536,hash_23569,admin
537,user537,hash_48057,admin
538,user538,hash_34776,admin
539,user539,hash_77346,user
540,user540,hash_74655,manager
541,user541,hash_39719,analyst
542,user542,hash_47636,admin
543,user543,hash_65933,analyst
544,user544,hash_31537,manager
545,user545,hash_77609,manager
546,user546,hash_10301,user
547,user547,hash_38491,admin
548,user548,hash_89956,admin
549,user549,hash_92870,admin
550,user550,hash_84601,manager
551,user551,hash_13226,user
552,user552,hash_90679,admin
553,user553,hash_36269,manager
554,user554,hash_44110,admin
555,user555,hash_30562,manager
556,user556,hash_77851,manager
557,user557,hash_66666,analyst
558,user558,hash_83937,user
559,user559,hash_51956,analyst
560,user560,hash_22841,user
561,user561,hash_21293,manager
562,user562,hash_66237,admin
563,user563,hash_83445,analyst
564,user564,hash_46414,manager
565,user565,hash_22964,manager
566,user566,hash_11959,manager
567,user567,hash_82662,manager
568,user568,hash_26299,manager
569,user569,hash_59434,admin
570,user570,hash_82877,analyst
571,user571,hash_79004,analyst
572,user572,hash_22123,manager
573,user573,hash_59131,manager
574,user574,hash_21105,manager
575,user575,hash_35040,manager
576,user576,hash_35242,user
577,user577,hash_40404,admin
578,user578,hash_11072,admin
579,user579,hash_21005,analyst
580,user580,hash_59564,admin
581,user581,hash_78705,user
582,user582,hash_48412,user
583,user583,hash_84903,user
584,user584,hash_26543,manager
585,user585,hash_72175,admin
586,user586,hash_78417,manager
587,user587,hash_48289,manager
588,user588,hash_30305,manager
589,user589,hash_45113,manager
590,user590,hash_23415,manager
591,user591,hash_81179,admin
592,user592,hash_90139,admin
593,user593,hash_66488,manager
594,user594,hash_58248,manager
595,user595,hash_72150,manager
596,user596,hash_68644,user
597,user597,hash_42355,user
598,user598,hash_48862,analyst
599,user599,hash_50198,user
600,user600,hash_85329,manager
601,user601,hash_89669,user
602,user602,hash_77685,analyst
603,user603,hash_44869,admin
604,user604,hash_39131,user
605,user605,hash_60891,admin
606,user606,hash_70811,analyst
607,user607,hash_82174,analyst
608,user608,hash_75411,analyst
609,user609,hash_67257,manager
610,user610,hash_67010,user
611,user611,hash_72670,admin
612,user612,hash_82403,user
613,user613,hash_25496,manager
614,user614,hash_87528,analyst
615,user615,hash_84112,admin
616,user616,hash_31777,admin
617,user617,hash_85053,admin
618,user618,hash_30291,user
619,user619,hash_47418,admin
620,user620,hash_90558,manager
621,user621,hash_29156,admin
622,user622,hash_30888,admin
623,user623,hash_80090,user
624,user624,hash_74793,analyst
625,user625,hash_99292,user
626,user626,hash_84879,analyst
627,user627,hash_35326,analyst
628,user628,hash_16388,analyst
629,user629,hash_18869,user
630,user630,hash_43740,admin
631,user631,hash_61394,analyst
632,user632,hash_84997,manager
633,user633,hash_35516,admin
634,user634,hash_23925,user
635,user635,hash_14943,admin
636,user636,hash_19821,user
637,user637,hash_68753,user
638,user638,hash_75770,analyst
639,user639,hash_44188,manager
640,user640,hash_80337,analyst
641,user641,hash_98280,manager
642,user642,hash_92257,user
643,user643,hash_99012,admin
644,user644,hash_28220,admin
645,user645,hash_34063,admin
646,user646,hash_61826,analyst
647,user647,hash_88989,admin
648,user648,hash_11458,admin
649,user649,hash_62559,admin
650,user650,hash_51986,analyst
651,user651,hash_26874,admin
652,user652,hash_21502,admin
653,user653,hash_14032,user
654,user654,hash_78242,manager
655,user655,hash_98470,admin
656,user656,hash_98212,user
657,user657,hash_61702,analyst
658,user658,hash_55614,analyst
659,user659,hash_25321,user
660,user660,hash_57140,admin
661,user661,hash_59908,analyst
662,user662,hash_89956,user
663,user663,hash_31647,admin
664,user664,hash_51323,user
665,user665,hash_84529,manager
666,user666,hash_22081,admin
667,user667,hash_51977,manager
668,user668,hash_17629,manager
669,user669,hash_95078,user
670,user670,hash_36343,analyst
671,user671,hash_76749,admin
672,user672,hash_62467,manager
673,user673,hash_92131,user
674,user674,hash_73451,manager
675,user675,hash_22424,analyst
676,user676,hash_88484,admin
677,user677,hash_98419,user
678,user678,hash_15138,user
679,user679,hash_84331,admin
680,user680,hash_98994,user
681,user681,hash_59436,user
682,user682,hash_40842,user
683,user683,hash_24112,manager
684,user684,hash_53500,admin
685,user685,hash_50676,admin
686,user686,hash_28250,manager
687,user687,hash_96016,analyst
688,user688,hash_57415,user
689,user689,hash_30925,user
690,user690,hash_12907,analyst
691,user691,hash_34257,analyst
692,user692,hash_37491,analyst
693,user693,hash_99794,analyst
694,user694,hash_98497,admin
695,user695,hash_34383,analyst
696,user696,hash_66425,analyst
697,user697,hash_22821,analyst
698,user698,hash_41101,user
699,user699,hash_22897,admin
700,user700,hash_82440,user
701,user701,hash_83764,user
702,user702,hash_57988,manager
703,user703,hash_63935,manager
704,user704,hash_48126,user
705,user705,hash_43314,user
706,user706,hash_60298,user
707,user707,hash_36020,analyst
708,user708,hash_66133,user
709,user709,hash_93936,analyst
710,user710,hash_23629,user
711,user711,hash_64316,admin
712,user712,hash_50982,user
713,user713,hash_93152,user
714,user714,hash_21393,analyst
715,user715,hash_86751,analyst
716,user716,hash_67124,analyst
717,user717,hash_55477,analyst
718,user718,hash_56507,user
719,user719,hash_99902,user
720,user720,hash_82678,user
721,user721,hash_56609,user
722,user722,hash_34988,admin
723,user723,hash_73249,manager
724,user724,hash_84755,manager
725,user725,hash_36507,admin
726,user726,hash_88493,analyst
727,user727,hash_76611,admin
728,user728,hash_76282,user
729,user729,hash_93379,user
730,user730,hash_81905,admin
731,user731,hash_58777,admin
732,user732,hash_81673,admin
733,user733,hash_36717,analyst
734,user734,hash_24391,user
735,user735,hash_43841,analyst
736,user736,hash_86170,manager
737,user737,hash_45146,analyst
738,user738,hash_21840,admin
739,user739,hash_97456,admin
740,user740,hash_70317,admin
741,user741,hash_33567,manager
742,user742,hash_85224,manager
743,user743,hash_27855,manager
744,user744,hash_61432,user
745,user745,hash_30504,admin
746,user746,hash_25552,user
747,user747,hash_91266,manager
748,user748,hash_79446,admin
749,user749,hash_49418,user
750,user750,hash_46509,analyst
751,user751,hash_52668,admin
752,user752,hash_19601,admin
753,user753,hash_38127,manager
754,user754,hash_77479,admin
755,user755,hash_24370,admin
756,user756,hash_60087,user
757,user757,hash_82040,analyst
758,user758,hash_79998,admin
759,user759,hash_73383,admin
760,user760,hash_89640,user
761,user761,hash_84124,manager
762,user762,hash_41424,user
763,user763,hash_58367,manager
764,user764,hash_70569,user
765,user765,hash_97689,user
766,user766,hash_41759,user
767,user767,hash_95987,user
768,user768,hash_71894,admin
769,user769,hash_29023,user
770,user770,hash_56096,analyst
771,user771,hash_65433,user
772,user772,hash_47977,admin
773,user773,hash_61196,manager
774,user774,hash_82474,manager
775,user775,hash_84032,admin
776,user776,hash_43450,manager
777,user777,hash_66221,user
778,user778,hash_35802,admin
779,user779,hash_34709,admin
780,user780,hash_75755,user
781,user781,hash_94309,admin
782,user782,hash_49879,user
783,user783,hash_99810,analyst
784,user784,hash_53487,manager
785,user785,hash_41499,manager
786,user786,hash_58943,admin
787,user787,hash_20393,manager
788,user788,hash_18622,admin
789,user789,hash_75755,user
790,user790,hash_92634,analyst
791,user791,hash_73895,admin
792,user792,hash_36117,user
793,user793,hash_16065,user
794,user794,hash_44391,manager
795,user795,hash_90651,manager
796,user796,hash_29578,analyst
797,user797,hash_16374,manager
798,user798,hash_76824,analyst
799,user799,hash_99780,analyst
800,user800,hash_28812,manager
801,user801,hash_64494,user
802,user802,hash_70868,manager
803,user803,hash_64521,user
804,user804,hash_40592,admin
805,user805,hash_63500,analyst
806,user806,hash_53199,admin
807,user807,hash_52708,admin
808,user808,hash_61365,admin
809,user809,hash_31184,analyst
810,user810,hash_63729,analyst
811,user811,hash_16018,admin
812,user812,hash_71210,manager
813,user813,hash_68251,analyst
814,user814,hash_12781,admin
815,user815,hash_89410,analyst
816,user816,hash_26333,admin
817,user817,hash_52708,user
818,user818,hash_79748,manager
819,user819,hash_90736,user
820,user820,hash_18593,manager
821,user821,hash_66495,manager
822,user822,hash_62131,admin
823,user823,hash_95969,analyst
824,user824,hash_78638,analyst
825,user825,hash_33921,manager
826,user826,hash_89793,admin
827,user827,hash_60138,analyst
828,user828,hash_98368,admin
829,user829,hash_19588,user
830,user830,hash_18964,user
831,user831,hash_48148,analyst
832,user832,hash_36811,user
833,user833,hash_41983,user
834,user834,hash_82366,manager
835,user835,hash_92432,user
836,user836,hash_23838,manager
837,user837,hash_74840,user
838,user838,hash_41541,user
839,user839,hash_13245,analyst
840,user840,hash_60467,admin
841,user841,hash_78649,user
842,user842,hash_59563,user
843,user843,hash_83402,manager
844,user844,hash_37164,admin
845,user845,hash_55235,user
846,user846,hash_80311,manager
847,user847,hash_65418,user
848,user848,hash_67491,user
849,user849,hash_60367,manager
850,user850,hash_13807,manager
851,user851,hash_20388,admin
852,user852,hash_28821,manager
853,user853,hash_64667,admin
854,user854,hash_57598,analyst
855,user855,hash_99088,analyst
856,user856,hash_77180,manager
857,user857,hash_38500,admin
858,user858,hash_88324,user
859,user859,hash_28580,user
860,user860,hash_31715,manager
861,user861,hash_96474,analyst
862,user862,hash_57185,admin
863,user863,hash_16191,admin
864,user864,hash_57642,user
865,user865,hash_32413,analyst
866,user866,hash_86496,admin
867,user867,hash_91507,user
868,user868,hash_95786,admin
869,user869,hash_96783,analyst
870,user870,hash_17201,user
871,user871,hash_73359,analyst
872,user872,hash_48295,manager
873,user873,hash_38833,analyst
874,user874,hash_17708,user
875,user875,hash_92309,user
876,user876,hash_25057,admin
877,user877,hash_37443,manager
878,user878,hash_64501,user
879,user879,hash_59921,user
880,user880,hash_53647,analyst
881,user881,hash_75539,analyst
882,user882,hash_98399,analyst
883,user883,hash_33576,user
884,user884,hash_58141,analyst
885,user885,hash_85295,analyst
886,user886,hash_29878,admin
887,user887,hash_73091,admin
888,user888,hash_71109,user
889,user889,hash_23661,user
890,user890,hash_28278,admin
891,user891,hash_58442,admin
892,user892,hash_17938,analyst
893,user893,hash_47428,analyst
894,user894,hash_65345,admin
895,user895,hash_19226,user
896,user896,hash_14791,manager
897,user897,hash_16793,user
898,user898,hash_62651,analyst
899,user899,hash_74151,analyst
900,user900,hash_54687,manager
901,user901,hash_65828,analyst
902,user902,hash_54837,user
903,user903,hash_38789,analyst
904,user904,hash_71083,manager
905,user905,hash_16292,manager
906,user906,hash_24216,admin
907,user907,hash_99789,admin
908,user908,hash_92025,admin
909,user909,hash_91124,admin
910,user910,hash_87516,analyst
911,user911,hash_45388,admin
912,user912,hash_33169,user
913,user913,hash_56987,user
914,user914,hash_73154,manager
915,user915,hash_78068,manager
916,user916,hash_35356,analyst
917,user917,hash_21310,analyst
918,user918,hash_82070,analyst
919,user919,hash_11555,user
920,user920,hash_93697,admin
921,user921,hash_81970,user
922,user922,hash_76865,user
923,user923,hash_77886,admin
924,user924,hash_19747,manager
925,user925,hash_54864,admin
926,user926,hash_69022,admin
927,user927,hash_90180,analyst
928,user928,hash_47684,manager
929,user929,hash_11569,user
930,user930,hash_48442,analyst
931,user931,hash_34163,analyst
932,user932,hash_19269,manager
933,user933,hash_20174,admin
934,user934,hash_78546,analyst
935,user935,hash_84811,user
936,user936,hash_16928,admin
937,user937,hash_71201,manager
938,user938,hash_76382,user
939,user939,hash_20702,analyst
940,user940,hash_65217,manager
941,user941,hash_93339,admin
942,user942,hash_25947,user
943,user943,hash_16330,user
944,user944,hash_47563,analyst
945,user945,hash_56985,manager
946,user946,hash_17909,admin
947,user947,hash_46164,user
948,user948,hash_18974,user
949,user949,hash_22587,user
950,user950,hash_55741,user
951,user951,hash_94094,admin
952,user952,hash_52831,admin
953,user953,hash_86495,admin
954,user954,hash_79159,admin
955,user955,hash_77986,admin
956,user956,hash_23749,manager
957,user957,hash_84334,admin
958,user958,hash_46713,analyst
959,user959,hash_17608,user
960,user960,hash_66618,user
961,user961,hash_99554,admin
962,user962,hash_29600,user
963,user963,hash_30376,admin
964,user964,hash_93912,analyst
965,user965,hash_11707,analyst
966,user966,hash_90656,analyst
967,user967,hash_26046,user
968,user968,hash_37555,analyst
969,user969,hash_60813,user
970,user970,hash_40866,manager
971,user971,hash_36576,manager
972,user972,hash_56658,admin
973,user973,hash_15446,admin
974,user974,hash_68527,manager
975,user975,hash_98440,manager
976,user976,hash_48072,admin
977,user977,hash_22199,analyst
978,user978,hash_76049,user
979,user979,hash_36158,manager
980,user980,hash_62832,manager
981,user981,hash_89243,analyst
982,user982,hash_48167,analyst
983,user983,hash_20141,manager
984,user984,hash_35447,user
985,user985,hash_85496,user
986,user986,hash_14829,manager
987,user987,hash_21176,analyst
988,user988,hash_46425,manager
989,user989,hash_88873,user
990,user990,hash_70120,admin
991,user991,hash_24214,manager
992,user992,hash_85451,admin
993,user993,hash_87725,manager
994,user994,hash_95882,manager
995,user995,hash_14904,manager
996,user996,hash_91010,admin
997,user997,hash_33009,admin
998,user998,hash_10439,user
999,user999,hash_99945,admin
1000,user1000,hash_37555,user
